period,Belgium – Consumer Price Index > OECD Groups > All items non-food non-energy > Total – Index 2015=100 – Monthly (OECD/MEI/BEL.CPGRLE01.IXOB.M),Switzerland – Consumer Price Index > OECD Groups > All items non-food non-energy > Total – Index 2015=100 – Monthly (OECD/MEI/CHE.CPGRLE01.IXOB.M),Germany – Consumer Price Index > OECD Groups > All items non-food non-energy > Total – Index 2015=100 – Monthly (OECD/MEI/DEU.CPGRLE01.IXOB.M),Israel – Consumer Price Index > OECD Groups > All items non-food non-energy > Total – Index 2015=100 – Monthly (OECD/MEI/ISR.CPGRLE01.IXOB.M),Korea – Consumer Price Index > OECD Groups > All items non-food non-energy > Total – Index 2015=100 – Monthly (OECD/MEI/KOR.CPGRLE01.IXOB.M),Lithuania – Consumer Price Index > OECD Groups > All items non-food non-energy > Total – Index 2015=100 – Monthly (OECD/MEI/LTU.CPGRLE01.IXOB.M),Latvia – Consumer Price Index > OECD Groups > All items non-food non-energy > Total – Index 2015=100 – Monthly (OECD/MEI/LVA.CPGRLE01.IXOB.M),Norway – Consumer Price Index > OECD Groups > All items non-food non-energy > Total – Index 2015=100 – Monthly (OECD/MEI/NOR.CPGRLE01.IXOB.M)
1996-01-01,72.4847853913625,92.733334838529,79.4236829533984,62.6420454545454,61.5341484637621,59.9605,45.9192626349206,70.020753
1996-02-01,72.6137273501185,92.9287092384592,79.9026984568538,63.28125,61.7129376168675,60.7372,46.6115128253968,70.137589
1996-03-01,72.5708757238108,92.9630582275784,79.7865149619102,63.6008522727273,62.3730821821798,61.8048,47.0537837804233,70.455849
1996-04-01,72.5715653973609,92.9610599144555,79.6532052538366,64.453125,62.611115078326,62.4013,47.3326067738095,70.503354
1996-05-01,72.3748886358435,92.6797951590914,79.83781440616,65.9446022727273,62.7899042314314,62.8099,47.6306589391534,70.524321
1996-06-01,72.4399033240237,92.6994243274312,80.0400851307636,66.5838068181818,62.909449641496,63.9498,48.2748361997354,70.665791
1996-07-01,73.1542369674376,92.7307430545135,80.1513268489361,66.6903409090909,63.0300529755434,64.9433,48.9190134603175,70.525786
1996-08-01,73.5203559033642,93.1752956172792,80.2552234818055,66.6903409090909,63.3294454626963,65.2939,49.3997427592593,70.599062
1996-09-01,73.2242152778144,93.1843288500789,80.2332674210364,66.9034090909091,63.4500487967437,65.812,50.1112221216931,71.000265
1996-10-01,73.2387176040583,93.1288229329612,80.1634278664138,67.5426136363636,63.5695942068083,66.0288,50.649638936508,71.134583
1996-11-01,73.4445745028248,93.0832544071481,80.0826076415687,68.0752840909091,63.5695942068083,66.3799,51.2168995092593,71.081282
1996-12-01,73.5564638564491,93.0713261224856,80.3788914454996,68.7144886363636,63.6288379498491,66.782,51.4380349867725,71.147989
1997-01-01,73.8347148487228,93.1570914348286,80.8910105177095,68.9275568181818,63.8679287699782,67.365,52.3033477248677,71.221372
1997-02-01,73.9813375670011,93.3393761964729,81.0518906940504,69.5667613636364,64.1070195901074,68.3274,52.4091081706349,71.590132
1997-03-01,73.7389817979228,93.3962822532941,81.1609666891124,70.0994318181818,64.5270154113076,68.6783,52.7167749219577,71.763975
1997-04-01,73.5156832555705,93.436870151671,80.9614720181693,70.7386363636364,64.7068624883959,69.3912,53.4282542843915,71.95138
1997-05-01,73.371385028835,93.0824223406826,81.1123186981687,71.0582386363636,64.8856516415013,70.5533,53.6013168320106,71.832506
1997-06-01,73.4496296968334,93.0743293023808,81.207812198657,72.1235795454546,65.0051970515659,71.0816,53.7647647936508,72.129693
1997-07-01,74.1528287359084,93.087553448971,82.1297787944916,72.9758522727273,65.1247424616304,71.539,55.0819630727513,72.127599
1997-08-01,74.4295081219724,93.2692858091238,82.1788660544816,72.8693181818182,65.3648912057424,71.949,56.504921797619,71.924918
1997-09-01,73.9313415417244,93.2644782827956,81.9920563331859,72.7627840909091,65.6050399498544,72.3058,57.1394844722222,72.509522
1997-10-01,73.9448918168876,93.2258061977781,81.8541775934695,73.7215909090909,65.7235274359361,72.553,57.3125470198413,72.580246
1997-11-01,74.1191502211359,93.1851136305836,81.8665542100364,73.6150568181818,65.7848870269427,72.9389,57.4375366375661,72.64305
1997-12-01,74.1860816409933,93.207625207106,82.0587755992704,73.4019886363636,66.0832215901126,73.1201,57.5336824973545,72.690666
1998-01-01,74.6015053568981,93.2603043341971,82.0769397967094,73.6150568181818,67.2797336147411,73.4699,58.1297868280423,72.736806
1998-02-01,74.8618834348531,93.4139657888413,82.3943486404012,73.6150568181818,67.9388202560705,74.3058,58.1970889298942,73.179253
1998-03-01,74.7547023215789,93.4525670652382,82.3597319164945,73.4019886363636,68.4773035633524,74.917,58.322078547619,73.59921
1998-04-01,74.8803631435064,93.4816468181226,82.3679291415101,74.4673295454546,68.596848973417,75.6555,58.8797245343915,73.767059
1998-05-01,75.2051156650492,93.2431282102972,82.4431159520234,74.5738636363636,68.4773035633524,76.6066,59.0143287380952,73.746032
1998-06-01,75.2119145958061,93.2485353137839,82.5842163500578,75.2130681818182,68.356700229305,77.0214,59.6104330687831,73.93327
1998-07-01,75.4589813276075,93.2531709823158,83.0643236905178,75.1065340909091,68.356700229305,77.7085,59.8219539603174,73.771199
1998-08-01,75.434713180429,93.693632768036,82.9958832500451,75.3196022727273,68.1779110761996,77.8672,60.0430894378307,73.702452
1998-09-01,75.4582928519034,93.6801651729457,82.832177391089,76.0653409090909,68.1779110761996,78.2371,60.2834540873016,74.342823
1998-10-01,75.543945604221,93.6637401498343,82.8074304935665,78.515625,68.1779110761996,78.5307,60.2930686732804,74.450889
1998-11-01,75.4457263367009,93.5822100492832,82.8082393399355,79.5809659090909,68.1186673331588,78.6772,60.5622770806878,74.457716
1998-12-01,75.4261264840315,93.5734433966019,82.9800252150992,79.5809659090909,68.0001798470771,78.7475,60.668037526455,74.590642
1999-01-01,75.6319509606113,93.701305105672,82.7681190817273,78.9417613636364,68.0001798470771,79.1166,61.36990230291,74.533788
1999-02-01,75.8946344179354,94.0971375473794,82.9486554919554,78.1960227272727,68.0594235901179,79.218,61.5525794365079,74.69023
1999-03-01,75.8982079677787,94.2433671249284,82.8559538841558,78.1960227272727,68.1779110761996,79.2966,61.7352565701058,75.487868
1999-04-01,76.0086920266162,94.1966007382436,82.7508270867697,78.1960227272727,68.1186673331588,79.786,61.7448711560846,75.696081
1999-05-01,76.0825521844172,93.9511372606171,82.8531429846334,78.6221590909091,68.0594235901179,79.7612,61.8602461878307,75.575505
1999-06-01,76.0690572476386,93.9890512963366,82.9504400224561,78.9417613636364,68.0001798470771,79.7155,62.5524963783069,75.710871
1999-07-01,76.2620388011514,93.9166196523288,83.4183977724188,79.2613636363636,67.9388202560705,79.707,62.5717255502646,75.440959
1999-08-01,76.2630339234775,94.5083571776058,83.3091317090194,79.5809659090909,67.9388202560705,79.625,62.8024756137566,75.071805
1999-09-01,76.3600074009515,94.550088291289,83.0361798494329,80.0071022727273,67.9388202560705,79.734,63.2062882248677,75.794349
1999-10-01,76.412369557869,94.5173153805403,82.9795616595431,80.3267045454546,68.0594235901179,78.5256,63.2543611547619,75.87629
1999-11-01,76.5701417435679,94.4476080636173,83.2118557899009,80.2201704545454,68.0594235901179,78.4787,63.4562674603175,76.051964
1999-12-01,76.6932571119133,94.4290646074064,83.3907808430024,80.0071022727273,68.0594235901179,78.2701,63.3120486706349,76.090945
2000-01-01,76.874843490501,94.456653539029,83.3832129553704,79.5809659090909,68.4445079198834,78.4411,63.9466113452381,76.284181
2000-02-01,77.0630911073399,94.7087481507249,83.3959992747978,79.0482954545454,68.5830959616397,78.8571,64.2735072685185,76.572285
2000-03-01,77.251150594695,94.4931610580578,83.2418644125622,78.6221590909091,69.0676251457951,78.8034,64.3408093703704,76.688432
2000-04-01,77.2937175592116,94.513401254058,83.3279421388054,79.2613636363636,69.1374481286647,78.7125,64.5811740198413,77.076701
2000-05-01,77.3633700694282,94.393898992954,83.1001220059217,79.9005681818182,68.9300950280218,78.6951,64.3215801984127,77.169926
2000-06-01,77.4888579844795,94.4193113165101,83.2489296750355,80.2201704545454,68.9988600869084,78.6237,64.2638926825397,77.413283
2000-07-01,77.7092290824843,94.4926054179391,83.7358836993807,80.2201704545454,69.276036170421,78.3803,64.2062051666667,77.101891
2000-08-01,77.7770080580188,94.530837069727,83.589717980156,79.9005681818182,69.4135662881944,78.222,64.0908301349206,77.296544
2000-09-01,77.9663563768532,94.481110708237,83.3740231512598,79.1548295454546,69.7595074305936,78.286,64.1196738928571,77.877244
2000-10-01,77.8708031380107,94.4958338177771,83.3813861874615,79.4744318181818,69.8293304134631,78.3229,64.3119656124339,77.907151
2000-11-01,78.050117317071,94.9115336724622,83.378411617982,79.4744318181818,69.8293304134631,78.2046,64.5234865039683,78.164805
2000-12-01,78.1263804929167,94.9383291905833,84.2877956898844,79.5809659090909,70.0366835141061,77.8916,64.4273406441799,78.102089
2001-01-01,78.1684604144746,95.2719986420069,83.8488962208962,79.2613636363636,70.6608586640007,78.3509,64.5811740198413,78.609565
2001-02-01,78.4873336703614,95.1298957772293,84.1556876360768,79.0482954545454,70.9380347475132,77.9446,64.3215801984127,79.201107
2001-03-01,78.5606315458442,95.2573170630965,84.0599459908148,79.2613636363636,71.4225639316687,77.9911,64.6196323637566,79.334304
2001-04-01,78.8924156559321,95.3351451923059,84.2653169411876,80.0071022727273,71.6309749562945,78.0074,64.8119240833333,79.493743
2001-05-01,79.1173424199714,95.7453374959313,84.2075139919951,80.1136363636364,71.7685050740679,78.1079,65.1676637645503,79.645941
2001-06-01,79.242053245681,95.7394558182701,84.3758986998555,80.4332386363636,71.8393859809204,78.0035,65.1484345925926,79.662307
2001-07-01,79.4517939193888,95.8168988416314,84.752836946804,81.0724431818182,71.7685050740679,77.7747,65.1965075224868,79.687767
2001-08-01,79.5053890442454,95.3170996123419,84.7248800062509,81.2855113636364,71.908151039807,79.1054,65.1868929365079,79.628153
2001-09-01,79.6849207500275,95.3557454273812,84.636900540699,81.2855113636364,72.0467390815633,79.0499,65.7156951653439,80.136875
2001-10-01,79.7152047594629,95.2690268757917,84.7931483292847,81.2855113636364,72.0467390815633,79.2074,65.8599139550264,80.339648
2001-11-01,80.0246400921416,95.798509094873,84.7453999951378,80.859375,72.1144462164671,79.4647,65.8406847830688,80.470821
2001-12-01,80.0249762710766,95.8052584338175,85.7147875852051,80.859375,72.3228572410929,79.2225,65.5714763756614,80.735473
2002-01-01,80.2452441196551,95.7281504830252,85.3271960079482,81.9247159090909,72.6010912485883,79.0543,65.5137888597884,80.503479
2002-02-01,80.6321606771718,95.8360904644337,85.6693665322554,82.6704545454546,72.8084443492313,78.8352,65.3311117261905,80.605597
2002-03-01,80.7052109959599,95.8457435082912,85.7733486958766,83.3096590909091,73.431561575143,78.545,65.8791431269841,81.0752
2002-04-01,80.5308791708727,96.529592390557,85.4702657251446,84.375,73.7785606415251,78.7398,66.061820260582,81.232084
2002-05-01,80.6361500842405,96.6893131560432,85.7157178641228,85.4403409090909,73.9171486832814,78.8167,66.1483515343915,81.560685
2002-06-01,80.685909823181,96.6486658093073,85.8837139878269,86.71875,73.9171486832814,78.7366,65.7637680952381,81.619236
2002-07-01,80.9446363478864,96.0233453555498,86.0743514742497,87.0383522727273,73.9869716661509,78.8831,65.946445228836,81.408491
2002-08-01,80.9937796510014,96.0581760678872,86.0435920816559,86.2926136363636,74.1245017839243,78.6572,65.946445228836,81.031286
2002-09-01,81.025600240008,96.0587668215416,85.9790205877834,86.2926136363636,74.3329128085501,78.804,66.6098516613756,81.396399
2002-10-01,80.9118830896388,96.7342985685543,85.8599818440389,86.8252840909091,74.541323833176,79.2147,67.0521226164021,81.72327
2002-11-01,81.0664432102571,96.7290249205675,85.769457574637,86.1860795454546,74.6788539509494,79.337,66.9271329986772,81.75518
2002-12-01,81.2278716284959,96.703304777038,86.6337711640786,86.0795454545454,74.8872649755752,79.247,66.648310005291,81.820415
2003-01-01,81.3608913735696,96.4852517255296,86.108645081983,86.1860795454546,75.1644410590877,79.0681,67.0713517883598,82.391973
2003-02-01,81.8546029425176,96.5368786998876,86.4508610115041,86.2926136363636,75.3717941597306,78.9594,66.8886746547619,82.589339
2003-03-01,81.9229718473726,96.6060370244002,86.4754558543566,86.1860795454546,76.1334994273986,79.0504,67.2251851640212,82.458811
2003-04-01,81.9755579011102,97.1828859292478,86.3836792457987,86.0795454545454,76.3419104520245,79.1142,67.6386123611111,82.453323
2003-05-01,81.8680591082788,97.20225183631,86.296856029299,85.4403409090909,76.4106755109112,79.3431,67.9270499404762,82.315246
2003-06-01,82.0285088203179,97.1922432754234,86.57484364389,85.0142045454546,76.4804984937807,79.3345,68.0231958002646,82.058251
2003-07-01,82.2142580507398,96.3033055859094,86.8409477636561,84.4815340909091,76.4106755109112,78.9515,67.9078207685185,81.654033
2003-08-01,82.3213226498652,96.3793369388514,86.8638319914726,84.8011363636364,76.4804984937807,78.6352,67.8597478386244,81.568643
2003-09-01,82.3847448848491,96.3761104039814,86.7419105446116,84.1619318181818,76.6878515944237,78.2665,68.6769876468254,81.894009
2003-10-01,82.3764078200759,97.026325863259,86.7245330189021,84.2684659090909,76.6878515944237,78.3834,69.2827065634921,82.087985
2003-11-01,82.5686455737717,97.0372049129609,86.5284215643637,83.9488636363636,76.619086535537,78.6203,69.3980815952381,81.941102
2003-12-01,82.6830982994675,97.0494235410426,87.3778401317686,83.6292613636364,77.0348506608058,78.3767,69.1865607037037,81.896315
2004-01-01,82.7556358534999,96.5517913443123,87.1865310705538,83.3096590909091,77.2432616854316,78.1066,69.3884670092593,81.782373
2004-02-01,83.1991099355975,96.6723421685875,87.4855645297651,83.4161931818182,77.3120267443183,77.8562,69.6096024867725,81.893928
2004-03-01,83.1189715394406,96.7364716472191,87.760177375433,83.4161931818182,77.93514397023,78.2349,70.2633943333333,82.347206
2004-04-01,83.4428037690794,97.6478700377328,87.9756546816765,84.375,78.0049669530996,78.5347,70.6479777724868,82.481529
2004-05-01,83.5463118216175,97.7067051331429,87.9429027393462,84.8011363636364,78.0737320119863,79.2682,71.4267592367725,82.415462
2004-06-01,83.5598666600098,97.6886726580878,88.0763011459773,84.9076704545454,78.142497070873,79.3043,71.4652175806878,82.447095
2004-07-01,83.9058930394649,96.728863039347,88.2645680578593,84.8011363636364,78.4196731543855,78.9874,71.2536966891534,82.190635
2004-08-01,83.9428397937113,96.9492409237644,88.3498020918717,84.9076704545454,78.489496137255,78.7441,71.2825404470899,81.994678
2004-09-01,83.9704070445457,96.9449490610653,88.2450512074195,84.4815340909091,78.489496137255,79.4455,72.3305303187831,82.719085
2004-10-01,84.1828857739899,97.7143407429429,88.0806125294294,84.375,78.489496137255,79.692,72.7343429298942,82.971795
2004-11-01,84.2103035650333,97.9409358388193,88.0905647187599,84.0553977272727,78.4196731543855,79.7845,72.8977908915344,83.058446
2004-12-01,84.1441413049868,97.9154001165527,89.4042885562448,83.7357954545454,78.6979071618809,79.7219,72.5228220383598,82.992041
2005-01-01,84.4437633459338,97.6305512437873,88.3444527241106,83.203125,79.3220823117755,79.1706,72.68627,82.723728
2005-02-01,84.8066859976379,97.64798323928,88.6303197272198,83.0965909090909,79.4807709092063,78.9021,72.79337,82.902529
2005-03-01,84.998021526745,97.7042572123514,88.7618839743955,82.9900568181818,79.880666174732,79.0373,73.20066,83.302212
2005-04-01,84.999164875044,98.4285883215055,88.3608376707251,83.5227272727273,79.9621263214132,79.285,73.95332,83.592208
2005-05-01,85.1833672265219,98.4600303670846,88.6057618420995,83.7357954545454,79.9621263214132,79.4995,74.17935,83.753863
2005-06-01,85.3903941287973,98.1771561644617,88.4975348189443,84.2684659090909,79.9621263214132,79.6487,74.28104,83.575126
2005-07-01,85.820280648769,97.2084637837466,88.8138972308454,85.1207386363636,79.9621263214132,79.4131,74.26047,83.318629
2005-08-01,85.8368706605011,97.2956318728178,88.875909137775,85.1207386363636,80.1218728428269,79.5002,74.34849,83.405365
2005-09-01,85.8726194642358,97.3045396815117,88.6657136194393,84.5880681818182,80.1218728428269,80.1413,75.73097,83.930162
2005-10-01,85.9611297069267,98.1525904561262,88.7528620639828,85.0142045454546,80.1218728428269,80.5683,76.07709,84.200397
2005-11-01,86.0548024194866,98.2749300553548,88.7287096579822,85.2272727272727,80.2022750655252,80.7018,76.09444,84.280739
2005-12-01,86.0873974544414,98.2960951350679,89.4705981194688,85.4403409090909,80.360963662956,80.4772,75.94112,84.167636
2006-01-01,85.3993330959241,97.9652992683228,88.7001223241101,85.1207386363636,80.5207101843697,80.1532,76.2181,83.667537
2006-02-01,85.7781087118392,98.1575773502557,89.0809073430195,85.2272727272727,80.7608589284817,80.0539,76.11586,84.076952
2006-03-01,85.5838648062417,98.1651557677064,89.0914455763902,85.546875,81.3194427914382,80.2189,76.56132,84.246586
2006-04-01,85.7295477354398,98.9249495225471,89.0846326824315,85.9730113636364,81.3998450141365,80.482,76.76993,84.528482
2006-05-01,85.8752306646379,99.0344757494092,88.9735757529203,85.7599431818182,81.6410516822314,80.7982,77.11576,84.518792
2006-06-01,85.9335038363171,99.0066394789234,89.1372457100793,85.9730113636364,81.5595915355502,80.9609,77.34528,84.581823
2006-07-01,86.1471721324744,98.0252053265725,89.5494954863011,86.0795454545454,81.7203959809468,81.1043,77.33907,84.097085
2006-08-01,86.2248696947134,98.0935358860778,89.3677700930294,85.8664772727273,81.7203959809468,81.1309,77.60058,83.910278
2006-09-01,86.1374599371945,98.0345976659632,89.3163439365548,85.2272727272727,81.8812004263434,81.4159,79.08188,84.497245
2006-10-01,86.176308718314,98.8281966013214,89.5484216001951,84.8011363636364,81.8812004263434,81.9813,79.61991,84.897553
2006-11-01,86.254006280553,98.9709775924977,89.5466127831847,84.5880681818182,82.0409469477571,82.2783,79.85745,85.03628
2006-12-01,86.4385379908706,99.0258216365123,90.3387785436402,84.4815340909091,82.1213491704554,82.2544,79.98471,85.131108
2007-01-01,86.5356599436693,98.2263810601429,90.0569494367643,84.2684659090909,82.3604399905845,81.8279,80.67325,84.484156
2007-02-01,87.0115575123831,98.483950826601,90.4503792797833,84.1619318181818,82.7603352561102,81.8636,81.08444,84.922927
2007-03-01,87.0989672699019,98.4720509776858,90.551789185239,84.2684659090909,83.4003792657478,82.1834,82.26301,85.482566
2007-04-01,87.2252258085403,99.4364398446657,90.8539133668026,84.375,83.5601257871616,82.491,82.78388,85.558442
2007-05-01,87.3029233707792,99.618720435199,90.8403583265442,84.2684659090909,83.639470085877,82.8578,83.08656,85.650637
2007-06-01,87.2737867849396,99.5985811780805,90.7648188336716,85.2272727272727,83.639470085877,83.0702,83.47036,85.47627
2007-07-01,87.6137136197352,98.8107666913842,91.2586279893838,86.2926136363636,83.8002745312736,83.4243,84.24467,85.1076
2007-08-01,87.6040014244553,98.8038000034638,91.2533599286337,86.6122159090909,83.879618829989,83.8578,85.13897,85.152548
2007-09-01,87.4680306905371,98.8159213824927,91.2862808205972,86.0795454545454,83.879618829989,84.7428,87.07089,85.916556
2007-10-01,87.6137136197352,99.7175183137989,91.309492388328,85.7599431818182,84.0404232753855,85.138,88.02067,86.159628
2007-11-01,87.7496843536534,99.8337599692749,91.2774162445304,85.7599431818182,84.1187096501181,85.6627,88.34242,86.625724
2007-12-01,88.0022014309301,99.974880938471,92.1719179656186,86.0795454545454,84.2784561715318,85.7936,88.43481,86.968724
2008-01-01,88.0216258214899,99.3438651434166,91.4143404188193,85.546875,84.6794093610404,86.1657,91.04465,86.373718
2008-02-01,88.468386804364,99.6648043438932,91.8158270474713,85.0142045454546,84.9989024038678,87.0792,92.13189,86.959974
2008-03-01,88.623781928842,99.7871726094835,92.0891241978707,85.2272727272727,85.9584394563329,87.9502,93.40431,87.310136
2008-04-01,88.4780989996439,100.744695246143,91.7180368879068,86.2926136363636,86.1181859777466,88.9848,94.08845,87.463591
2008-05-01,88.8180258344395,101.053968992086,92.0094169287342,86.5056818181818,86.437679020574,89.4274,94.60643,87.34351
2008-06-01,89.0219819353168,100.777022559906,92.0071836257704,86.9318181818182,86.5974255419876,89.7357,94.70938,87.550384
2008-07-01,89.3813331606721,100.075872701157,92.540223942246,87.5710227272727,86.9983787314962,89.8357,94.51624,87.44673
2008-08-01,89.391045355952,100.257474974785,92.6037542840039,88.5298295454545,86.9983787314962,90.1929,94.9013,87.565312
2008-09-01,89.4104697465117,100.430343072242,92.447027100834,88.5298295454545,87.3178717743236,90.8204,96.59754,88.58909
2008-10-01,89.6532746285086,101.207145825793,92.4682176085777,88.7428977272727,87.3982739970219,91.5889,96.98917,88.806094
2008-11-01,89.6629868237884,101.252317053279,92.4567501522245,89.1690340909091,87.7177670398494,91.7258,96.92728,88.667262
2008-12-01,89.8766551199456,101.337937930876,93.3637647055213,89.9147727272727,88.0372600826767,91.6511,96.56324,88.851475
2009-01-01,89.8572307293859,100.653900386049,92.4515581188094,89.5951704545454,88.0372600826767,93.2616,98.51735,88.525591
2009-02-01,90.4982356178575,100.946556866785,93.1336320745331,89.1690340909091,88.4382132721853,93.6006,99.77792,89.208419
2009-03-01,90.4496746414581,100.911734606963,93.1043583827762,89.5951704545454,88.8370506137281,93.8016,100.54487,89.432345
2009-04-01,90.5953575706562,101.896295187519,93.1950135881438,90.234375,88.7566483910299,93.8831,100.56252,89.776443
2009-05-01,90.6730551328952,101.907142683167,93.0719084379152,90.6605113636364,89.0771993578401,93.6448,100.13719,89.916931
2009-06-01,90.8672990384927,101.600969797321,93.1285963195287,91.5127840909091,89.2369458792538,93.4638,99.58471,90.239642
2009-07-01,91.0032697724109,100.997751940643,93.5849936908399,92.3650568181818,89.3173481019521,93.2912,99.44979,89.687929
2009-08-01,91.0129819676908,100.976190204312,93.6703829473278,92.578125,89.3966924006675,93.2208,98.7395,89.502875
2009-09-01,91.07125513937,101.073692331279,93.5584453678535,92.4715909090909,89.5564389220812,94.2271,98.95506,90.446354
2009-10-01,91.1198161157694,101.957187292408,93.5707797470121,92.6846590909091,89.5564389220812,94.634,98.84234,90.444865
2009-11-01,91.0906795299298,102.030237383841,93.3307107657216,92.7911931818182,89.7955297422104,94.6527,98.09648,90.448596
2009-12-01,91.304347826087,101.880746167913,94.3100452654433,92.7911931818182,89.9563341876069,94.3187,97.41507,90.733684
2010-01-01,91.2946356308071,101.305553865938,93.1472230165886,92.2585227272727,90.179556147993,94.064,96.77958,90.34321
2010-02-01,91.7316844184014,101.517132972098,93.7019332353921,92.0454545454546,90.361519073047,93.6423,96.33632,90.863804
2010-03-01,91.6248502703228,101.403460771156,93.8588684377978,92.2585227272727,90.361519073047,93.7963,96.53884,91.043563
2010-04-01,91.6734112467222,102.298945270114,93.7427820888933,92.7911931818182,90.452500535574,93.7309,96.54601,91.330822
2010-05-01,91.9550649098385,102.191761152181,93.6768959556876,93.2173295454546,90.634463460628,93.5806,96.26467,91.35646
2010-06-01,92.0327624720775,101.820008474347,93.725853335647,93.8565340909091,90.7243869991722,93.6786,96.15723,91.645403
2010-07-01,92.2270063776749,101.115225968923,94.0868754712133,94.2826704545454,90.9074078482091,93.3341,95.8011,91.070259
2010-08-01,92.2755673540743,101.072881371036,94.2970530386505,94.7088068181818,91.0893707732631,93.1182,95.46485,90.976517
2010-09-01,92.3629771115931,101.11976856954,94.1028654980601,94.4957386363636,91.1792943118072,93.6161,96.14054,91.56132
2010-10-01,92.4892356502315,101.847513743107,94.1791261946794,94.4957386363636,91.1792943118072,93.7294,96.29815,91.667919
2010-11-01,92.5183722360711,102.014873958623,94.1247075178268,94.7088068181818,91.1792943118072,93.5533,96.09024,91.748422
2010-12-01,92.5960697983101,102.063740830598,94.4051375105527,95.1349431818182,91.4522386993882,93.4936,95.34629,91.870698
2011-01-01,92.9554210236654,101.547327905609,93.8070220191106,95.0284090909091,91.9060880880404,93.1107,95.63405,91.265687
2011-02-01,93.3050600537408,101.830861083616,94.3330139680764,95.1349431818182,92.2689560141656,92.5632,95.36875,91.607195
2011-03-01,93.4216063970993,102.305751500607,94.6459086887562,95.4545454545454,92.5419004017466,93.2904,95.98821,92.078482
2011-04-01,93.3439088348603,102.463250447595,94.450225943912,95.9872159090909,92.7228054028178,93.7367,96.46891,92.915159
2011-05-01,93.5381527404578,102.432442781882,94.4921339004264,96.4133522727273,93.0867312529258,94.1611,96.43992,92.646046
2011-06-01,93.6838356696559,102.231851946368,94.7277014299274,96.9460227272727,93.267636253997,94.3621,96.57307,92.524121
2011-07-01,93.8975039658131,101.486466482451,94.8944262076417,96.9460227272727,93.449599179051,93.761,96.17387,92.063768
2011-08-01,93.907216161093,101.335805149555,95.1413387050118,97.3721590909091,93.631562104105,93.5197,96.38773,91.790342
2011-09-01,93.9363527469326,101.624029724544,95.1096236910552,97.3721590909091,93.540580641578,94.2526,96.88291,92.79881
2011-10-01,94.13059665253,101.505169403445,95.0501449726884,97.4786931818182,93.540580641578,94.2954,96.98239,92.826626
2011-11-01,94.2471429958885,101.317568971876,95.1484229743188,97.0525568181818,93.7214856426491,94.3273,96.8678,92.760409
2011-12-01,94.3831137298068,101.054997932987,95.4359921449825,97.1590909090909,93.9034485677032,94.1547,96.85307,93.071045
2012-01-01,95.0144064229985,100.494422467461,94.9557390854639,97.0525568181818,94.1213809081748,93.8955,96.47381,92.524646
2012-02-01,95.4223186247532,100.730031685229,95.4428852900169,96.7329545454546,94.4853067582829,93.98,96.22229,93.054084
2012-03-01,95.4126064294733,101.178158910209,95.8788291963593,97.0525568181818,94.2038989788389,94.8607,96.72214,93.412198
2012-04-01,95.4514552105928,101.3379201836,95.6278302297362,97.9048295454546,94.1763929552842,95.3612,97.31384,93.801344
2012-05-01,95.6942600925896,101.279286895767,95.8539598103528,97.9048295454546,94.4578007347282,95.7147,97.39564,93.937037
2012-06-01,95.7816698501085,101.127221221977,95.7672062855768,97.9048295454546,94.558303513101,96.0691,97.48969,93.630595
2012-07-01,95.9953381462657,100.569210889473,96.1681227092168,98.2244318181818,94.566766904964,95.7191,96.82072,93.531856
2012-08-01,96.0924600990644,100.356408725321,96.3503253852022,98.7571022727273,94.7212238064634,95.9732,96.44628,93.010841
2012-09-01,96.0924600990644,100.652891298032,96.3194561753468,98.2244318181818,94.8122052689904,96.6568,96.89685,94.081565
2012-10-01,96.2478552235424,100.782815892233,96.4006776555708,98.1178977272727,94.8576960002539,96.9708,96.64208,94.196479
2012-11-01,96.2964161999418,100.719628473067,96.5314932446844,97.9048295454546,95.0026315859074,96.8688,96.67009,94.257478
2012-12-01,96.4032503480204,100.500962689357,96.924697117569,98.1178977272727,95.1475671715609,96.7094,96.44974,94.351445
2013-01-01,96.1604454660235,100.107015670054,95.9510034237256,97.7982954545454,95.5294777293778,96.1439,95.93998,93.825825
2013-02-01,96.5683576677782,100.319430021146,96.4929663927044,97.3721590909091,95.7749160934041,96.0059,95.93179,94.428825
2013-03-01,96.7528893780958,100.587158297927,97.1753761358242,97.6917613636364,95.6384438996136,96.6978,96.72414,94.748682
2013-04-01,96.5683576677782,100.739905286609,96.5164746782285,98.2244318181818,95.5749684606412,97.0429,96.97919,95.162954
2013-05-01,96.9374210884134,100.892835162468,96.9464462150374,98.4375,95.9378363867664,97.3566,97.24033,95.428704
2013-06-01,97.1122406034511,100.901963879619,97.0239106777932,98.9701704545454,95.9928484338758,97.4934,97.0252,95.139458
2013-07-01,97.3550454854479,100.259625373033,97.4860090432896,99.2897727272727,96.0108331415846,96.8401,96.90215,95.143346
2013-08-01,97.4327430476869,100.26955005047,97.6217526820165,99.5028409090909,95.9653424103211,97.0576,96.57918,95.165177
2013-09-01,97.4327430476869,100.514805564121,97.6021397414728,99.1832386363636,96.256271505611,97.6629,97.16204,95.588907
2013-10-01,97.578425976885,100.669101178044,97.5419144769143,99.609375,96.3652376758468,97.8245,97.6027,95.805156
2013-11-01,97.7241089060831,100.757691465579,97.8672005972538,99.3963068181818,96.6096181158902,97.8175,97.21329,95.99004
2013-12-01,97.8212308588818,100.414437302321,98.1142978832853,99.3963068181818,96.6741514788455,97.6366,97.01007,96.172777
2014-01-01,98.0154747644793,100.000960218672,97.4234438263113,98.6505681818182,96.9460379424436,96.9862,97.39522,95.905918
2014-02-01,98.2194308653566,100.16851582467,97.9818941676197,98.6505681818182,97.1100161597888,96.5933,97.18687,96.434419
2014-03-01,98.345689403995,100.550831630652,98.4254291921686,98.9701704545454,97.2993845527229,97.1729,97.98173,96.742856
2014-04-01,98.4428113567937,100.680184902961,98.1457584168569,99.2897727272727,97.4369146704963,97.6951,98.4591,97.550493
2014-05-01,98.5982064812716,100.854354156448,98.0503715658246,99.2897727272727,97.6728317186768,98.0192,98.68449,97.531629
2014-06-01,98.6661918482308,100.693727277249,98.3480354770718,99.9289772727273,97.6368623032592,98.3541,98.8981,97.306522
2014-07-01,98.9284211207874,100.218818872342,98.7204859993885,100.035511363636,97.8177673043303,97.9007,98.34371,97.506136
2014-08-01,98.8118747774289,100.206000777395,98.8528823235077,99.8224431818182,97.9542394981209,98.2,98.30233,97.145603
2014-09-01,98.8507235585484,100.397004264051,98.8127229956969,99.7159090909091,97.8643159595767,98.8271,99.29031,97.879204
2014-10-01,98.9672699019068,100.651970244522,98.6559831413045,100.035511363636,97.9182700827032,99.0265,99.42752,98.22859
2014-11-01,98.8992845349477,100.773347369905,98.8599011248318,100.142045454545,97.9002853749944,99.154,99.22749,98.180916
2014-12-01,99.0449674641458,100.557773823322,99.3237829648936,100.461647727273,98.027236252939,99.0248,98.90686,98.461879
2015-01-01,99.2489235650232,100.212461006206,98.4203564794319,99.7159090909091,99.3200193600089,98.3646,98.49088,98.296865
2015-02-01,99.6374113762181,100.134498609333,98.9648536929086,99.2897727272727,99.4395647700734,97.9554,98.52337,98.484334
2015-03-01,99.4043186895011,100.386028125723,99.4093401150796,99.5028409090909,99.5897899756413,98.8419,99.48702,99.170787
2015-04-01,99.7151089384571,100.222063104353,99.8854433492328,99.9289772727273,99.650091642665,99.5511,100.1281,99.605303
2015-05-01,99.6568357667778,100.311354810333,100.025382218539,99.9289772727273,99.8500392754278,99.8215,100.48712,99.832192
2015-06-01,99.9676260157338,100.30517033608,100.153106029365,100.461647727273,99.8098381640787,100.1104,100.62128,100.18981
2015-07-01,100.152157726051,99.6680042879304,100.545340553729,100.568181818182,100.270035096628,99.7032,99.78736,100.04224
2015-08-01,100.22985528829,99.5517254133097,100.841539882843,100.568181818182,100.469982729391,99.6568,100.02413,99.958314
2015-09-01,100.084172359092,99.7656596029602,100.749094867299,100.142045454545,100.240413225108,100.7332,100.55247,100.77405
2015-10-01,100.472660170287,99.9373970786576,100.824489697048,100.035511363636,100.339858079498,101.3362,100.83348,101.12731
2015-11-01,100.676616271164,99.7983135167237,99.911319041492,99.8224431818182,100.400159746521,102.1058,100.60265,101.14986
2015-12-01,100.754313833403,99.7073241083909,100.269734073031,100.035511363636,100.620207934959,101.82,100.46214,101.36893
2016-01-01,101.05539188708,99.3395392901732,99.666382198895,99.5028409090909,101.089926183354,101.1526,99.86204,101.33445
2016-02-01,101.307908964356,99.6055220672781,100.076435629885,99.2897727272727,101.330074927466,100.765,99.95037,102.01248
2016-03-01,101.735245556671,99.8855789851949,100.802555810919,99.3963068181818,101.460199577359,102.2483,101.16328,102.78955
2016-04-01,101.78380653307,100.179406074206,100.785262760026,99.7159090909091,101.640046654448,102.441,101.36606,102.81645
2016-05-01,101.978050438668,100.149518198638,101.311582048906,99.9289772727273,101.88019539856,102.5412,102.06408,103.16239
2016-06-01,101.929489462268,100.07648268604,101.334923496667,100.461647727273,101.900295954234,102.934,102.12636,103.46807
2016-07-01,102.240279711224,99.6026012166924,101.938265867386,100.674715909091,102.120344142672,102.4138,101.90121,103.83883
2016-08-01,102.366538249862,99.5085248753621,101.985569652811,100.568181818182,102.309712535606,102.1176,101.6966,103.43203
2016-09-01,102.172294344265,99.5733242284107,101.885275870869,100.248579545455,102.239889552736,102.6863,102.10442,103.86229
2016-10-01,102.269416297064,99.5867077796243,101.955523016482,100.461647727273,102.199688441387,103.2689,102.53701,104.19644
2016-11-01,102.337401664023,99.403478622291,101.080253043328,100.035511363636,102.100243586997,103.5231,102.23197,104.08841
2016-12-01,102.337401664023,99.3587410198985,101.611878406625,100.142045454545,102.23036823689,103.3402,102.31282,104.15859
2017-01-01,102.735601670498,99.1274643131085,100.649064013224,99.5028409090909,102.859833006699,102.9463,101.44828,103.72966
2017-02-01,102.910421185535,99.5554272843843,101.121282461749,99.2897727272727,103.129603622332,102.9531,101.45479,103.96493
2017-03-01,103.036679724174,100.038382795238,101.703395255122,99.7159090909091,103.149704178006,105.0917,103.09506,104.49812
2017-04-01,103.444591925928,100.341231195292,102.170307629229,100.035511363636,103.250206956379,106.4413,103.85028,105.22602
2017-05-01,103.493152902328,100.446883733391,102.339067194088,100.461647727273,103.450154589142,106.6773,103.77887,104.99186
2017-06-01,103.454304121208,100.340078725333,102.840413615312,99.9289772727273,103.389852922118,107.2024,104.0814,105.35879
2017-07-01,103.871928518243,99.8821465618775,103.338928018308,100.035511363636,103.659623537751,106.7918,103.19886,105.23506
2017-08-01,103.852504127683,99.8651697789839,103.430960163186,100.142045454545,103.809848743319,106.6754,103.36782,104.77402
2017-09-01,103.745669979604,100.081721070091,103.350529578433,100.142045454545,103.639522982076,107.4825,103.63879,105.42106
2017-10-01,103.910777299362,100.119636389229,103.007725493001,100.355113636364,103.829949298993,107.7746,104.18146,105.74206
2017-11-01,103.687396807925,99.9850193151621,102.333383094867,100.248579545455,103.470255144817,107.8063,103.91779,105.44848
2017-12-01,103.910777299362,100.017268179953,102.895833318741,100.461647727273,103.639522982076,107.3275,103.52843,105.7945
2018-01-01,104.173006571919,99.5792874432714,101.976750481958,99.8224431818182,103.879671726188,106.9112,103.10088,104.91949
2018-02-01,104.367250477516,100.075384009376,102.415105088379,99.7159090909091,104.319768103063,106.87,103.16576,105.53603
2018-03-01,104.425523649196,100.577393085273,103.223922947056,100.461647727273,104.530294975655,107.7528,105.27127,106.02511
2018-04-01,104.551782187834,100.720656010229,103.255946294093,100.568181818182,104.730242608417,108.4703,105.8107,106.61639
2018-05-01,104.755738288711,100.802813662457,103.960553907145,100.887784090909,104.879409890002,108.7866,105.93922,106.792
2018-06-01,104.629479750073,100.706307989854,104.038459750817,100.78125,104.690041497068,109.1817,106.44815,107.1557
2018-07-01,105.066528537667,100.40660584081,104.604435742349,100.674715909091,104.699562812914,108.4147,105.49171,107.14871
2018-08-01,105.241348052705,100.459147100649,104.665274505263,100.887784090909,104.879409890002,108.3204,105.7188,106.83936
2018-09-01,105.047104147107,100.414503378335,104.546793295308,100.78125,104.800065591287,109.361,106.28893,107.63168
2018-10-01,105.192787076305,100.469343562066,104.689527225109,101.100852272727,104.879409890002,109.9274,106.66571,107.72199
2018-11-01,105.338470005504,100.210854907868,103.597584627056,100.994318181818,104.750343164092,110.0201,106.52969,107.76657
2018-12-01,105.571562692221,100.288718411307,104.121136309757,100.887784090909,104.730242608417,109.6338,106.16491,108.14961
2019-01-01,105.688109035579,100.0926300796,103.322159767214,100.568181818182,104.970391352529,109.2375,106.32652,107.3203
2019-02-01,106.057172456214,100.455300052851,103.72804753381,100.568181818182,105.469731472445,109.306,106.42918,108.20824
2019-03-01,106.251416361812,101.072842367137,104.208902476397,101.100852272727,105.309984951031,110.3935,107.80054,108.75593
2019-04-01,106.533070024928,101.231334660208,105.201698038144,101.420454545455,105.469731472445,111.1963,108.864,109.42432
2019-05-01,106.494221243808,101.4175191199,105.177645945988,101.953125,105.480310712274,111.3583,108.52963,109.23134
2019-06-01,106.659328563566,101.45511286242,105.697572603122,101.740056818182,105.409429805421,111.7566,109.25992,109.57731
2019-07-01,106.931270031403,100.849955840177,106.30253900219,101.420454545455,105.619956678013,111.3235,108.56707,109.69912
2019-08-01,106.960406617242,100.858622526567,106.157295114401,101.633522727273,105.759602643752,111.3054,108.71093,109.15978
2019-09-01,106.659328563566,100.795933635385,106.170504863847,101.420454545455,105.299405711203,112.6506,109.24024,110.00297
2019-10-01,107.018679788922,100.674122854827,106.35165054869,101.633522727273,105.539554455315,113.0779,109.46026,110.23195
2019-11-01,107.057528570041,100.62476056315,105.296052184543,101.313920454545,105.299405711203,112.7937,109.19205,110.28309
2019-12-01,107.271196866198,100.661725931802,105.878464863515,101.420454545455,105.39038717373,113.216,108.56495,110.42468
