period,Belgium,Germany,Israel,Korea,Latvia,Lithuania,Norway,Switzerland
1996-01-01,61.71277757553696,83.6423118865867,82.54437869822485,57.37063778580024,,,81.18657298985168,106.80609393311096
1996-02-01,62.28613032398981,83.6423118865867,82.54437869822485,56.578419574809466,,,81.18657298985168,106.42747678716307
1996-03-01,62.00400436840189,83.96946564885496,82.54437869822485,56.267549137585235,,,81.18657298985168,106.38240331740738
1996-04-01,61.65817255187478,84.29661941112322,81.36094674556212,56.748896911351785,,,81.34270101483216,106.6348147480393
1996-05-01,61.09392064069894,84.29661941112322,81.36094674556212,56.38788608102687,,,81.34270101483216,105.77841882268098
1996-06-01,61.40334910811794,83.6423118865867,81.36094674556212,56.60850381066987,,,81.34270101483216,104.91300820337148
1996-07-01,61.17582817619221,83.20610687022901,81.95266272189347,57.83192940232652,,,80.17174082747854,104.36311187235192
1996-08-01,60.829996359665095,83.09705561613958,81.95266272189347,58.273164861612514,,,80.17174082747854,103.56981880465158
1996-09-01,62.81397888605752,83.6423118865867,81.95266272189347,59.16566385880465,,,80.17174082747854,104.03858289011087
1996-10-01,62.5318529304696,84.29661941112322,81.26232741617358,59.65703971119134,,,80.32786885245903,104.59749391508157
1996-11-01,62.24062613760466,84.29661941112322,81.26232741617358,59.777376654632974,,,80.32786885245903,103.79518615343008
1996-12-01,63.196214051692756,84.95092693565977,81.26232741617358,60.56959486562374,,,80.32786885245903,104.08365635986657
1997-01-01,63.560247542773936,85.82333696837514,79.78303747534517,61.211391897312474,,,78.14207650273224,104.77778779410438
1997-02-01,65.0345831816527,86.47764449291166,79.78303747534517,61.34175691937425,,,78.14207650273224,105.77841882268098
1997-03-01,65.42591918456499,86.47764449291166,79.78303747534517,60.82029683112715,,,78.14207650273224,106.10294780492202
1997-04-01,65.2165999271933,86.36859323882224,78.00788954635107,61.33172884075411,,,78.064012490242,107.11259352744973
1997-05-01,64.9981798325446,86.80479825517993,78.00788954635107,61.45206578419575,,,78.064012490242,107.92391598305238
1997-06-01,64.7524572260648,86.5866957470011,78.00788954635107,61.64259927797834,,,78.064012490242,107.79771026773642
1997-07-01,65.83545686203132,87.24100327153762,77.31755424063117,60.84035298836743,,,81.10850897736145,107.62643108266474
1997-08-01,67.06406989443029,88.113413304253,77.31755424063117,61.040914560770155,,,81.10850897736145,108.48282700802308
1997-09-01,66.73643975245723,87.45910577971647,77.31755424063117,61.50220617729643,,,81.10850897736145,108.31154782295141
1997-10-01,66.13578449217329,87.24100327153762,77.41617357001972,62.535098275170476,,,80.17174082747854,108.1763274136843
1997-11-01,65.78085183836913,87.02290076335876,77.41617357001972,65.48335338949057,,,80.17174082747854,107.49121067339762
1997-12-01,65.7717510010921,87.02290076335876,77.41617357001972,81.94945848375451,,,80.17174082747854,107.1486523032543
1998-01-01,65.7080451401529,87.02290076335876,74.85207100591717,96.53028479743281,57.921291624621595,,79.07884465261515,106.84215270891553
1998-02-01,65.8627593738624,86.5866957470011,74.85207100591717,94.41436020858404,57.921291624621595,,79.07884465261515,106.31930045974937
1998-03-01,65.48052420822717,86.04143947655399,74.85207100591717,90.63377456879262,57.921291624621595,,79.07884465261515,105.84152168033893
1998-04-01,65.05278485620678,85.82333696837514,74.06311637080867,82.35058162855996,57.11402623612513,,78.2201405152225,106.53565311457676
1998-05-01,64.18820531488898,85.38713195201744,74.06311637080867,81.06698756518252,57.11402623612513,,78.2201405152225,106.41846209321193
1998-06-01,64.9708773207135,84.51472191930208,74.06311637080867,80.2146008824709,57.11402623612513,,78.2201405152225,105.5169926980979
1998-07-01,63.860575172915915,84.07851690294437,72.18934911242604,76.95547533092659,56.40766902119072,,80.01561280249805,105.59812494365816
1998-08-01,63.6421550782672,83.42420937840785,72.18934911242604,73.37545126353791,56.40766902119072,,80.01561280249805,104.94005228522492
1998-09-01,63.560247542773936,82.76990185387132,72.18934911242604,76.28359406337745,56.40766902119072,,80.01561280249805,104.14675921752456
1998-10-01,62.795777211503456,81.89749182115594,73.47140039447731,78.52988367428802,54.59132189707366,,77.28337236533959,103.20021635265482
1998-11-01,62.25882781215872,81.67938931297711,73.47140039447731,75.4713196951464,54.59132189707366,,77.28337236533959,101.8750563418372
1998-12-01,62.28613032398981,81.2431842966194,73.47140039447731,70.09626955475332,54.59132189707366,,77.28337236533959,101.2800865410619
1999-01-01,62.040407717510014,81.13413304252998,71.00591715976331,67.80986762936222,53.784056508577194,,75.80015612802498,101.03668980438114
1999-02-01,62.22242446305061,81.2431842966194,71.00591715976331,66.19534697152027,53.784056508577194,,75.80015612802498,100.85639592535833
1999-03-01,63.43283582089553,81.89749182115594,71.00591715976331,68.31127156036904,53.784056508577194,,75.80015612802498,101.05471919228341
1999-04-01,63.560247542773936,82.44274809160305,70.11834319526626,69.69514640994785,52.87588294651867,,74.94145199063233,101.68574776886324
1999-05-01,63.52384419366581,82.76990185387132,70.11834319526626,69.69514640994785,52.87588294651867,,74.94145199063233,102.22662940593166
1999-06-01,64.00618856934838,82.98800436205015,70.11834319526626,68.72242278379463,52.87588294651867,,74.94145199063233,102.09140899666455
1999-07-01,65.48052420822717,83.6423118865867,72.28796844181458,69.3742478941035,53.784056508577194,,75.0975800156128,102.58721716397727
1999-08-01,64.82526392428105,84.18756815703381,72.28796844181458,73.29522663457682,53.784056508577194,,75.0975800156128,102.84864328856035
1999-09-01,65.87186021113942,84.95092693565977,72.28796844181458,74.8596068993181,53.784056508577194,,75.0975800156128,103.42558370143334
1999-10-01,66.11758281761922,85.38713195201744,73.37278106508876,77.35659847573206,53.68314833501514,,75.95628415300547,103.89434778689264
1999-11-01,66.99126319621406,86.47764449291166,73.37278106508876,76.82511030886482,53.68314833501514,,75.95628415300547,103.99350942035517
1999-12-01,68.71132144157262,88.00436205016358,73.37278106508876,75.34095467308464,53.68314833501514,,75.95628415300547,105.39980167673306
2000-01-01,69.42118674918093,88.54961832061069,74.55621301775147,75.92258323305255,57.01311806256307,,76.19047619047619,105.83250698638781
2000-02-01,70.31306880232982,89.6401308615049,74.55621301775147,76.24348174889691,57.01311806256307,,76.19047619047619,107.45515189759307
2000-03-01,71.24135420458683,90.40348964013086,74.55621301775147,76.20336943441636,57.01311806256307,,76.19047619047619,108.12223924997745
2000-04-01,71.15034583181654,90.29443838604143,73.96449704142012,74.19775371038908,56.205852674066605,,77.59562841530055,108.21238618948887
2000-05-01,72.36075718966146,91.82115594329335,73.96449704142012,75.78219013237063,56.205852674066605,,77.59562841530055,109.09582619670061
2000-06-01,72.55187477247908,91.82115594329335,73.96449704142012,76.99558764540714,56.205852674066605,,77.59562841530055,109.2941494636257
2000-07-01,72.73389151801966,92.25736095965102,73.96449704142012,76.15322904131568,57.31584258324924,,78.68852459016394,109.6096637519156
2000-08-01,74.08991627229705,93.12977099236642,73.96449704142012,76.21339751303651,57.31584258324924,,78.68852459016394,109.51951681240422
2000-09-01,75.50054605023662,94.87459105779716,73.96449704142012,78.06859205776173,57.31584258324924,,78.68852459016394,111.93545479130984
2000-10-01,75.56425191117583,95.31079607415485,72.97830374753451,78.51985559566786,58.022199798183664,,79.62529274004683,111.49373478770394
2000-11-01,76.94757917728431,95.63794983642312,72.97830374753451,79.54271961492178,58.022199798183664,,79.62529274004683,111.881366627603
2000-12-01,76.09210047324353,93.89312977099236,72.97830374753451,79.35218612113918,58.022199798183664,,79.62529274004683,111.23230866312088
2001-01-01,74.40844557699309,93.23882224645584,73.66863905325444,82.26032892097874,58.930373360242186,,79.23497267759562,109.17695844226087
2001-02-01,75.30032763014198,93.56597600872409,73.66863905325444,81.57841957480946,58.930373360242186,,79.23497267759562,108.8253853781664
2001-03-01,74.29923552966872,93.45692475463467,73.66863905325444,82.08985158443642,58.930373360242186,,79.23497267759562,108.63607680519247
2001-04-01,74.8179832544594,93.89312977099236,72.97830374753451,84.02527075812274,58.82946518668012,,78.68852459016394,108.95159109348236
2001-05-01,75.53694939934475,94.76553980370774,72.97830374753451,82.90212595266748,58.82946518668012,,78.68852459016394,108.94257639953122
2001-06-01,76.95668001456134,94.76553980370774,72.97830374753451,82.09987966305657,58.82946518668012,,78.68852459016394,108.79834129631298
2001-07-01,75.81907535493266,93.45692475463467,73.37278106508876,80.22462896109106,57.31584258324924,,76.11241217798596,108.68115027494815
2001-08-01,74.89989078995268,92.5845147219193,73.37278106508876,79.43241075010027,57.31584258324924,,76.11241217798596,107.7526367979807
2001-09-01,73.9170003640335,92.25736095965102,73.37278106508876,78.93100681909345,57.31584258324924,,76.11241217798596,107.58135761290903
2001-10-01,73.143429195486,90.94874591057798,71.59763313609466,76.66466105094264,57.21493440968719,,75.01951600312256,106.22013882628684
2001-11-01,72.8066982162359,90.73064340239912,71.59763313609466,73.014440433213,57.21493440968719,,75.01951600312256,104.90399350942035
2001-12-01,72.93410993811432,90.51254089422028,71.59763313609466,72.61331728840754,57.21493440968719,,75.01951600312256,104.48931758766788
2002-01-01,73.29814342919549,90.83969465648855,70.61143984220907,73.57601283594065,60.84762865792129,,74.39500390320063,104.4262147300099
2002-02-01,73.21623589370223,91.16684841875681,70.61143984220907,74.1476133172884,60.84762865792129,,74.39500390320063,104.38114126025422
2002-03-01,75.3731343283582,91.93020719738276,70.61143984220907,77.20617729643,60.84762865792129,,74.39500390320063,104.77778779410438
2002-04-01,73.9170003640335,92.14830970556162,72.48520710059171,78.50982751704774,61.55398587285571,,71.58469945355192,105.66122780131613
2002-05-01,73.64397524572261,91.6030534351145,72.48520710059171,76.05294825511433,61.55398587285571,,71.58469945355192,105.13837555215
2002-06-01,72.5882781215872,90.62159214830969,72.48520710059171,73.38547934215805,61.55398587285571,,71.58469945355192,104.56143513927701
2002-07-01,72.14233709501275,89.96728462377317,73.96449704142012,72.00160449257922,61.55398587285571,,70.49180327868852,104.53439105742359
2002-08-01,72.24244630506006,90.40348964013086,73.96449704142012,72.90413156839149,61.55398587285571,,70.49180327868852,104.24592085098709
2002-09-01,73.38915180196578,90.83969465648855,73.96449704142012,74.60890493381469,61.55398587285571,,70.49180327868852,104.70567024249526
2002-10-01,73.1798325445941,90.83969465648855,74.06311637080867,76.33373445647814,61.85671039354188,,71.03825136612022,105.02118453078518
2002-11-01,72.84310156534401,89.74918211559432,74.06311637080867,73.10469314079423,61.85671039354188,,71.03825136612022,104.30000901469394
2002-12-01,73.00691663633054,90.40348964013086,74.06311637080867,74.69915764139591,61.85671039354188,,71.03825136612022,104.47128819976561
2003-01-01,73.44375682562796,90.73064340239912,76.13412228796844,75.37103890894504,65.28758829465188,,70.96018735362999,104.82286126386009
2003-02-01,74.03531124863487,90.94874591057798,76.13412228796844,77.99839550742078,65.28758829465188,,70.96018735362999,104.64256738483728
2003-03-01,74.37204222788498,90.51254089422028,76.13412228796844,79.40232651423989,65.28758829465188,,70.96018735362999,105.65221310736501
2003-04-01,72.36075718966146,89.09487459105779,76.62721893491124,75.7721620537505,65.59031281533805,,70.88212334113973,104.2909943207428
2003-05-01,70.93192573716782,87.89531079607414,76.62721893491124,74.13758523866828,65.59031281533805,,70.88212334113973,103.8673037050392
2003-06-01,70.85001820167454,87.78625954198473,76.62721893491124,74.32811873245086,65.59031281533805,,70.88212334113973,102.569187776075
2003-07-01,70.26756461594466,87.89531079607414,77.41617357001972,74.31809065383072,65.28758829465188,,72.98985167837627,102.77652573695121
2003-08-01,70.97742992355298,88.44056706652125,77.41617357001972,74.79943842759728,65.28758829465188,,72.98985167837627,103.24528982241053
2003-09-01,71.25955587914088,88.33151581243183,77.41617357001972,73.47573204973926,65.28758829465188,,72.98985167837627,103.33543676192191
2003-10-01,70.68620313068803,88.22246455834242,78.30374753451676,75.73204973926995,66.59939455095864,,73.06791569086651,103.38051023167762
2003-11-01,71.39606843829634,88.22246455834242,78.30374753451676,77.75772162053751,66.59939455095864,,73.06791569086651,102.84864328856035
2003-12-01,70.95012741172188,87.78625954198473,78.30374753451676,79.53269153630164,66.59939455095864,,73.06791569086651,102.92076084016948
2004-01-01,70.85911903895159,87.89531079607414,80.47337278106508,80.97673485760129,69.32391523713422,,75.01951600312256,102.9928783917786
2004-02-01,71.8784128139789,88.00436205016358,80.47337278106508,80.87645407139993,69.32391523713422,,75.01951600312256,102.92977553412061
2004-03-01,72.86130323989808,88.98582333696837,80.47337278106508,82.01965503409548,69.32391523713422,,75.01951600312256,103.52474533489588
2004-04-01,73.68037859483071,89.53107960741548,81.85404339250493,81.9995988768552,69.72754793138243,,74.62919594067134,104.25493554493825
2004-05-01,73.93520203858755,90.07633587786259,81.85404339250493,84.96791014841557,69.72754793138243,,74.62919594067134,105.12936085819887
2004-06-01,74.15362213323627,89.6401308615049,81.85404339250493,83.5439229843562,69.72754793138243,,74.62919594067134,104.39917064815648
2004-07-01,75.08190753549326,89.74918211559432,82.93885601577908,84.90774167669474,71.03935418768921,,75.40983606557377,104.2909943207428
2004-08-01,75.15471423370951,90.73064340239912,82.93885601577908,87.25431207380666,71.03935418768921,,75.40983606557377,105.13837555215
2004-09-01,75.618856934838,90.83969465648855,82.93885601577908,86.00080224628962,71.03935418768921,,75.40983606557377,105.21049310375912
2004-10-01,76.99308336366946,91.82115594329335,85.79881656804733,88.48776574408342,73.86478304742685,,74.86338797814209,106.02181555936174
2004-11-01,75.70986530760831,90.62159214830969,85.79881656804733,84.14560770156437,73.86478304742685,,74.86338797814209,105.41783106463534
2004-12-01,74.70877320713505,89.6401308615049,85.79881656804733,80.07420778178901,73.86478304742685,,74.86338797814209,104.97611106102947
2005-01-01,75.71896614488534,90.51254089422028,87.67258382642999,83.5138387484958,76.38748738647831,,75.0975800156128,104.81384656990893
2005-02-01,77.0658900618857,91.05779716466739,87.67258382642999,83.46369835539511,76.38748738647831,,75.0975800156128,105.46290453439104
2005-03-01,79.27739352020386,92.0392584514722,87.67258382642999,84.77737665463297,76.38748738647831,,75.0975800156128,106.00378617145947
2005-04-01,78.06698216235894,91.71210468920393,88.46153846153845,85.84035298836741,78.91019172552977,,74.78532396565184,106.56269719643016
2005-05-01,77.97597378958865,91.38495092693564,88.46153846153845,83.92498997192138,78.91019172552977,,74.78532396565184,106.18408005048228
2005-06-01,79.44120859119039,92.5845147219193,88.46153846153845,85.15844364219815,78.91019172552977,,74.78532396565184,105.36374290092849
2005-07-01,80.89734255551511,93.02071973827698,90.72978303747534,87.42478941034898,81.73562058526741,,74.94145199063233,106.35535923555395
2005-08-01,80.11467054969059,93.56597600872409,90.72978303747534,88.2571199358203,81.73562058526741,,74.94145199063233,106.6348147480393
2005-09-01,81.00655260283946,93.89312977099236,90.72978303747534,89.56077015643802,81.73562058526741,,74.94145199063233,107.53628414315335
2005-10-01,81.66181288678558,94.54743729552891,88.36291913214988,89.05936622543122,82.64379414732595,,75.33177205308354,107.46416659154421
2005-11-01,81.76192209683292,94.32933478735005,88.36291913214988,87.0738066586442,82.64379414732595,,75.33177205308354,106.23816821418912
2005-12-01,82.04404805242082,94.65648854961832,88.36291913214988,86.1913357400722,82.64379414732595,,75.33177205308354,106.51762372667446
2006-01-01,85.48416454313798,95.31079607415485,90.23668639053254,85.37906137184116,84.15741675075682,86.63745892661555,76.65886026541764,107.04047597584061
2006-02-01,84.81070258463778,95.63794983642312,90.23668639053254,84.41636582430807,84.15741675075682,85.87075575027383,76.65886026541764,107.47318128549534
2006-03-01,87.58645795413177,96.07415485278081,90.23668639053254,84.7573204973927,84.15741675075682,86.19934282584886,76.65886026541764,107.73460741007843
2006-04-01,83.80961048416455,97.16466739367502,94.67455621301775,86.01083032490975,86.88193743693239,89.5947426067908,76.11241217798596,108.7172090507527
2006-05-01,82.95413178012379,97.16466739367502,94.67455621301775,87.59526674689128,86.88193743693239,88.7185104052574,76.11241217798596,110.11448661317948
2006-06-01,83.87331634510376,97.16466739367502,94.67455621301775,88.39751303650222,86.88193743693239,87.40416210295729,76.11241217798596,109.7358694672316
2006-07-01,83.5183836912996,98.14612868047983,97.0414201183432,89.63096670677898,89.10191725529768,89.92332968236583,78.4543325526932,110.12350130713062
2006-08-01,84.55587914088096,98.14612868047983,97.0414201183432,91.26554352186122,89.10191725529768,89.48521358159913,78.4543325526932,111.04300009014693
2006-09-01,82.3443756825628,97.27371864776445,97.0414201183432,88.09667067789812,89.10191725529768,86.30887185104052,78.4543325526932,111.17822049941404
2006-10-01,81.87113214415726,97.0556161395856,94.67455621301775,87.00361010830325,89.3037336024218,89.04709748083242,82.20140515222482,110.78157396556388
2006-11-01,83.09974517655625,96.6194111232279,94.67455621301775,85.62976333734457,89.3037336024218,85.21358159912377,82.20140515222482,110.66438294419905
2006-12-01,82.50819075354933,96.18320610687023,94.67455621301775,85.68993180906538,89.3037336024218,86.30887185104052,82.20140515222482,110.62832416839447
2007-01-01,82.76301419730615,95.85605234460196,96.15384615384615,84.19574809466506,89.70736629667005,86.8565169769989,82.20140515222482,110.42098620751824
2007-02-01,82.67200582453586,96.18320610687023,96.15384615384615,85.75010028078621,89.70736629667005,87.95180722891565,82.20140515222482,110.31280988010457
2007-03-01,84.66508918820533,96.5103598691385,96.15384615384615,88.53790613718412,89.70736629667005,88.38992332968238,82.20140515222482,110.91679437483097
2007-04-01,83.29086275937387,97.27371864776445,100.29585798816566,89.5808263136783,92.0282542885974,89.37568455640744,82.82591725214677,112.4222482646714
2007-05-01,84.26465234801603,97.38276990185386,100.29585798816566,90.03208985158444,92.0282542885974,90.58050383351589,82.82591725214677,113.62120256017307
2007-06-01,85.23844193665818,97.60087241003271,100.29585798816566,89.77135980746088,92.0282542885974,92.11391018619935,82.82591725214677,113.50401153880824
2007-07-01,86.33964324717874,97.81897491821155,102.9585798816568,89.75130365022062,93.03733602421796,93.31872946330778,80.71818891491024,113.95474623636525
2007-08-01,85.84819803421915,97.38276990185386,102.9585798816568,90.6036903329322,93.03733602421796,92.00438116100767,80.71818891491024,114.2522311367529
2007-09-01,86.3578449217328,97.60087241003271,102.9585798816568,92.69955876454071,93.03733602421796,93.42825848849945,80.71818891491024,113.49499684485711
2007-10-01,87.07681106661815,98.47328244274809,108.38264299802762,93.56197352587245,94.75277497477296,93.86637458926617,80.40593286494926,114.2522311367529
2007-11-01,88.44193665817257,98.90948745910578,108.38264299802762,97.352587244284,94.75277497477296,97.04271631982475,80.40593286494926,114.7209952222122
2007-12-01,88.36912995995631,98.80043620501635,108.38264299802762,99.00722021660651,94.75277497477296,97.04271631982475,80.40593286494926,114.39646623997115
2008-01-01,89.44302875864581,99.78189749182114,114.00394477317552,102.02567188126754,96.56912209889002,97.48083242059145,82.35753317720531,114.93734787703957
2008-02-01,90.78995267564616,100.76335877862597,114.00394477317552,104.79342158042519,96.56912209889002,98.24753559693319,82.35753317720531,114.78409807987018
2008-03-01,92.24608663997088,101.09051254089422,114.00394477317552,113.34737264340153,96.56912209889002,98.79518072289157,82.35753317720531,116.01009645722526
2008-04-01,91.09028030578814,101.85387131952017,122.78106508875739,117.64941837144004,101.00908173562058,99.45235487404163,83.37236533957847,116.45181646083115
2008-05-01,92.77393520203859,103.92584514721919,122.78106508875739,130.21460088247093,101.00908173562058,101.75246440306682,83.37236533957847,117.87613810511131
2008-06-01,95.2129595922825,105.34351145038168,122.78106508875739,133.72442839951867,101.00908173562058,103.94304490690034,83.37236533957847,118.85873974578563
2008-07-01,96.28685839097197,106.10687022900763,122.48520710059172,135.1684717208183,102.32088799192735,104.05257393209202,85.08977361436378,120.08473812314071
2008-08-01,95.8318165271205,105.34351145038168,122.48520710059172,129.22182109907743,102.32088799192735,103.94304490690034,85.08977361436378,119.81429730460648
2008-09-01,95.37677466326903,104.58015267175573,122.48520710059172,132.21018852787807,102.32088799192735,102.73822562979188,85.08977361436378,119.02100423690615
2008-10-01,93.27448125227521,101.30861504907307,105.02958579881656,137.63537906137185,102.21997981836527,99.34282584884994,88.91491022638564,117.5786532047237
2008-11-01,91.53622133236257,98.36423118865866,105.02958579881656,128.51985559566788,102.21997981836527,97.26177437020812,88.91491022638564,113.56711439646622
2008-12-01,88.23261740080088,94.76553980370774,105.02958579881656,121.19935820296833,102.21997981836527,93.42825848849945,88.91491022638564,111.75516091228701
2009-01-01,85.99381143065162,94.1112322791712,94.2800788954635,119.02326514239871,98.18365287588296,87.40416210295729,86.49492583918813,109.52853150635535
2009-02-01,83.62759373862396,93.89312977099236,94.2800788954635,123.68632170076215,98.18365287588296,86.63745892661555,86.49492583918813,109.03272333904263
2009-03-01,84.46487076811067,93.45692475463467,94.2800788954635,125.3008423586041,98.18365287588296,86.52792990142389,86.49492583918813,108.23041557739114
2009-04-01,82.10775391336003,92.69356597600871,95.85798816568047,115.57360609707182,94.14732593340061,85.87075575027383,84.07494145199064,107.66248985846931
2009-05-01,82.42628321805606,92.69356597600871,95.85798816568047,112.06377858002408,94.14732593340061,87.18510405257392,84.07494145199064,107.34697557017938
2009-06-01,82.53549326538042,93.02071973827698,95.85798816568047,117.79983955074206,94.14732593340061,89.48521358159913,84.07494145199064,107.40106373388623
2009-07-01,82.62650163815071,92.25736095965102,100.69033530571991,117.76975531488168,91.0191725529768,88.28039430449068,83.52849336455894,107.64446047056701
2009-08-01,82.77211503458318,93.45692475463467,100.69033530571991,120.19655034095467,91.0191725529768,90.25191675794086,83.52849336455894,107.97800414675922
2009-09-01,82.5627957772115,92.5845147219193,100.69033530571991,117.87003610108304,91.0191725529768,89.04709748083242,83.52849336455894,108.32056251690254
2009-10-01,82.48998907899528,93.02071973827698,103.94477317554241,116.57641395908544,93.03733602421796,90.25191675794086,82.66978922716628,107.8427837374921
2009-11-01,82.66290498725883,93.45692475463467,103.94477317554241,118.82270356999598,93.03733602421796,90.79956188389924,82.66978922716628,107.95997475885693
2009-12-01,83.79140880961047,93.78407851690295,103.94477317554241,119.4344163658243,93.03733602421796,90.90909090909092,82.66978922716628,107.99603353466149
2010-01-01,87.23152530032763,95.41984732824427,104.4378698224852,118.91295627757721,95.96367305751767,92.33296823658269,81.65495706479314,108.37465068060939
2010-02-01,87.53185293046961,96.18320610687023,104.4378698224852,119.27396710790212,95.96367305751767,94.08543263964951,81.65495706479314,108.07716578022175
2010-03-01,87.9959956315981,97.60087241003271,104.4378698224852,120.24669073405536,95.96367305751767,96.49507119386637,81.65495706479314,108.85242946001983
2010-04-01,89.42482708409175,99.34569247546345,104.24063116370807,121.3096670677898,101.00908173562058,98.02847754654984,84.15300546448088,109.59163436401333
2010-05-01,90.744448489261,100.10905125408942,104.24063116370807,124.73926995587645,101.00908173562058,96.93318729463309,84.15300546448088,110.39394212566482
2010-06-01,92.10047324353842,100.98146128680479,104.24063116370807,127.66746891295628,101.00908173562058,99.45235487404163,84.15300546448088,109.83503110069412
2010-07-01,91.4179104477612,100.76335877862597,105.4240631163708,127.19614921780986,102.62361251261353,98.90470974808323,83.06010928961749,109.1408996664563
2010-08-01,91.12668365489624,100.87241003271536,105.4240631163708,127.03569995988771,102.62361251261353,98.24753559693319,83.06010928961749,109.26710538177227
2010-09-01,92.14597742992355,101.09051254089422,105.4240631163708,126.89530685920577,102.62361251261353,99.45235487404163,83.06010928961749,108.96962048138465
2010-10-01,92.47360757189662,100.65430752453652,110.35502958579882,125.3008423586041,104.13723511604441,99.01423877327493,85.32396565183451,108.01406292256377
2010-11-01,94.09355660720786,101.52671755725189,110.35502958579882,127.7276373846771,104.13723511604441,100.32858707557502,85.32396565183451,108.20337149553771
2010-12-01,96.53258099745176,103.4896401308615,110.35502958579882,133.453670276775,104.13723511604441,104.60021905805039,85.32396565183451,108.53691517172992
2011-01-01,98.30724426647251,104.79825517993456,116.37080867850098,132.83192940232652,89.10191725529768,105.9145673603505,87.3536299765808,108.58198864148562
2011-02-01,98.5165635238442,105.67066521264994,116.37080867850098,136.56237464901727,90.21190716448034,108.76232201533406,87.3536299765808,109.54656089425762
2011-03-01,99.9362941390608,106.87022900763358,116.37080867850098,141.4761331728841,93.13824419778001,112.04819277108433,87.3536299765808,110.59226539258992
2011-04-01,100.7371678194394,106.979280261723,123.4714003944773,142.34857601283593,90.5146316851665,113.91018619934283,86.4168618266979,111.26836743892545
2011-05-01,101.37422642883145,106.43402399127588,123.4714003944773,139.3100681909346,92.63370332996973,112.26725082146768,86.4168618266979,111.58388172721536
2011-06-01,101.53804149981798,105.88876772082878,123.4714003944773,138.59807460890494,91.82643794147326,111.71960569550932,86.4168618266979,110.28576579825116
2011-07-01,102.2843101565344,106.43402399127588,124.06311637080867,136.87324508624147,92.2300706357215,113.91018619934283,86.33879781420765,109.03272333904263
2011-08-01,102.5937386239534,105.88876772082878,124.06311637080867,137.22422783794624,92.43188698284561,111.17196056955095,86.33879781420765,106.90525556657352
2011-09-01,102.61194029850746,106.32497273718649,124.06311637080867,142.02767749699157,93.94550958627649,114.67688937568457,86.33879781420765,106.58072658433247
2011-10-01,102.92136876592647,106.21592148309706,121.9921104536489,143.4115523465704,93.03733602421796,113.03395399780942,87.3536299765808,106.02181555936174
2011-11-01,103.76774663269022,106.76117775354416,121.9921104536489,141.4059366225431,93.23915237134209,113.25301204819279,87.3536299765808,105.14739024610114
2011-12-01,103.77684746996725,107.19738276990185,121.9921104536489,141.61652627356597,94.6518668012109,114.34830230010952,87.3536299765808,105.67925718921842
2012-01-01,104.8416454313797,108.50599781897492,119.72386587771202,143.01042920176496,95.96367305751767,115.99123767798467,87.43169398907105,105.71531596502297
2012-02-01,106.61630870040044,109.26935659760086,119.72386587771202,143.70236662655435,97.88092835519677,118.18181818181819,87.43169398907105,106.64382944199045
2012-03-01,107.17145977429925,109.81461286804799,119.72386587771202,146.08904933814682,99.09182643794148,119.49616648411829,87.43169398907105,107.41007842783736
2012-04-01,106.98944302875866,109.48745910577972,118.73767258382644,144.51464099478542,99.19273461150352,117.63417305585982,86.88524590163934,107.44613720364194
2012-05-01,106.1430651619949,109.05125408942202,118.73767258382644,141.7870036101083,98.89001009081736,116.31982475355971,86.88524590163934,106.56269719643016
2012-06-01,104.72333454677832,107.52453653217012,118.73767258382644,136.75290814279987,99.19273461150352,113.5815991237678,86.88524590163934,105.71531596502297
2012-07-01,106.00655260283946,107.96074154852779,116.17357001972385,135.58965102286402,98.28456104944502,116.31982475355971,86.9633099141296,104.93103759127378
2012-08-01,106.98034219148163,109.05125408942202,116.17357001972385,137.84596871239472,99.59636730575177,119.82475355969333,86.9633099141296,105.84152168033893
2012-09-01,106.27957772115036,108.28789531079607,116.17357001972385,138.84877657440836,101.00908173562058,117.96276013143483,86.9633099141296,106.65284413594158
2012-10-01,105.7699308336367,107.74263904034895,117.65285996055226,134.26594464500602,101.31180625630678,117.52464403066813,87.66588602654176,106.35535923555395
2012-11-01,105.55151073898799,107.74263904034895,117.65285996055226,130.294825511432,99.09182643794148,117.1960569550931,87.66588602654176,105.8775804561435
2012-12-01,106.04295595194758,107.19738276990185,117.65285996055226,128.93100681909345,100.20181634712412,116.21029572836801,87.66588602654176,105.84152168033893
2013-01-01,107.54459410265744,107.08833151581243,118.63905325443787,127.89811472121941,100.70635721493441,116.64841182913473,87.90007806401249,105.55305147390246
2013-02-01,106.7619220968329,107.4154852780807,118.63905325443787,131.3878860810269,100.20181634712412,117.08652792990144,87.90007806401249,105.93166861985036
2013-03-01,108.35456862031307,107.4154852780807,118.63905325443787,130.34496590453267,100.70635721493441,116.31982475355971,87.90007806401249,105.82349229243665
2013-04-01,107.14415726246816,106.32497273718649,115.68047337278105,130.46530284797433,100.90817356205852,114.67688937568457,88.8368462138954,105.78743351663209
2013-05-01,104.75063705860939,105.88876772082878,115.68047337278105,128.1087043722423,98.78910191725531,114.89594742606792,88.8368462138954,105.31866943117281
2013-06-01,104.49581361485257,105.12540894220284,115.68047337278105,130.81628559967908,98.99091826437942,114.45783132530121,88.8368462138954,105.40881637068422
2013-07-01,103.84965416818348,105.23446019629226,115.68047337278105,129.75330926594464,99.59636730575177,115.4435925520263,90.1639344262295,105.39078698278192
2013-08-01,103.2672005824536,105.34351145038168,115.68047337278105,130.58563979141599,98.78910191725531,115.55312157721798,90.1639344262295,105.8775804561435
2013-09-01,106.11576265016383,105.34351145038168,115.68047337278105,127.56718812675491,99.19273461150352,115.11500547645126,90.1639344262295,106.03984494726404
2013-10-01,101.13760465962869,104.68920392584515,117.06114398422089,124.46851183313277,99.2936427850656,113.36254107338446,92.97423887587823,105.11133147029656
2013-11-01,104.65962868583911,104.79825517993456,117.06114398422089,123.90693943040515,98.18365287588296,112.92442497261774,92.97423887587823,104.85892003966464
2013-12-01,106.7619220968329,104.79825517993456,117.06114398422089,124.37825912555154,100.50454086781029,113.36254107338446,92.97423887587823,104.90399350942035
2014-01-01,104.8780487804878,104.68920392584515,117.15976331360946,124.05736060970717,100.80726538849648,113.03395399780942,94.45745511319282,104.86793473361577
2014-02-01,106.79832544594103,104.58015267175573,117.15976331360946,125.13036502206178,100.40363269424823,113.25301204819279,94.45745511319282,104.08365635986657
2014-03-01,105.46960320349473,103.92584514721919,117.15976331360946,124.4785399117529,99.09182643794148,112.04819277108433,94.45745511319282,104.19183268728025
2014-04-01,103.04878048780488,103.70774263904035,117.25838264299801,121.40994785399117,99.2936427850656,111.71960569550932,93.52068696330991,103.7050392139187
2014-05-01,104.01346923917,103.70774263904035,117.25838264299801,119.33413557962294,97.67911200807265,111.93866374589267,93.52068696330991,103.83124492923466
2014-06-01,104.09537677466328,103.92584514721919,117.25838264299801,119.27396710790212,98.38546922300708,112.59583789704273,93.52068696330991,103.84927431713693
2014-07-01,102.93046960320349,103.4896401308615,115.5818540433925,118.65222623345366,99.79818365287589,111.39101861993427,94.37939110070258,103.99350942035517
2014-08-01,104.17728431015654,103.38058887677208,115.5818540433925,117.69955876454073,100.20181634712412,110.73384446878423,94.37939110070258,103.83124492923466
2014-09-01,103.24899890789953,103.70774263904035,115.5818540433925,116.2655435218612,99.69727547931383,110.62431544359255,94.37939110070258,103.65095105021184
2014-10-01,102.4390243902439,103.38058887677208,109.07297830374752,115.0220617729643,98.89001009081736,109.09090909090908,97.42388758782201,103.37149553772649
2014-11-01,103.17619220968331,102.61723009814612,109.07297830374752,114.01925391095067,97.88092835519677,107.11938663745893,97.42388758782201,102.68637879743983
2014-12-01,100.17291590826356,100.87241003271536,109.07297830374752,108.16285599679101,97.47729566094854,103.39539978094197,97.42388758782201,101.73983593257007
2015-01-01,100.0,100.0,100.0,100.0,100.0,100.0,100.0,100.0
2015-02-01,104.22278849654167,101.19956379498363,100.0,102.80786201363819,100.10090817356208,102.95728368017525,100.0,97.03416569007481
2015-03-01,106.00655260283946,102.18102508178843,100.0,103.14881668672282,100.0,103.72398685651699,100.0,97.53898855133868
2015-04-01,107.39898070622498,102.61723009814612,100.29585798816566,100.661853188929,97.88092835519677,104.81927710843375,99.14129586260734,94.51005138375552
2015-05-01,107.75391336002913,102.61723009814612,100.29585798816566,101.93541917368634,98.68819374369325,105.36692223439212,99.14129586260734,93.59956729469033
2015-06-01,106.88933381871134,101.96292257360959,100.29585798816566,102.51704773365424,98.38546922300708,104.49069003285871,99.14129586260734,93.41927341566752
2015-07-01,104.08627593738625,101.41766630316249,98.91518737672584,102.07581227436823,97.37638748738648,103.1763417305586,100.46838407494145,93.09474443342648
2015-08-01,101.82926829268293,100.0,98.91518737672584,101.65463297232252,95.56004036326944,100.54764512595837,100.46838407494145,92.18426034436132
2015-09-01,100.60975609756098,99.34569247546345,98.91518737672584,101.03289209787405,94.45005045408678,99.56188389923331,100.46838407494145,92.03101054719191
2015-10-01,101.06479796141245,98.90948745910578,95.95660749506902,97.90413156839149,94.45005045408678,99.67141292442497,102.81030444964871,91.96790768953393
2015-11-01,101.53804149981798,98.69138495092693,95.95660749506902,96.21941436020859,94.24823410696268,98.13800657174151,102.81030444964871,92.69809789957631
2015-12-01,101.09210047324355,97.60087241003271,95.95660749506902,95.18652226233453,94.14732593340061,96.27601314348303,102.81030444964871,91.92283421977822
2016-01-01,96.65999271933018,96.29225736095964,92.50493096646942,93.72242278379463,91.42280524722503,92.99014238773276,102.4199843871975,91.17461462183358
2016-02-01,99.10811794685111,95.52889858233368,92.50493096646942,95.19655034095467,89.60645812310798,92.55202628696605,102.4199843871975,90.30018930857297
2016-03-01,98.0888241718238,96.18320610687023,92.50493096646942,95.2868030485359,89.20282542885974,94.41401971522454,102.4199843871975,90.27314522671955
2016-04-01,99.37204222788498,96.07415485278081,94.67455621301775,93.54191736863217,89.70736629667005,95.18072289156628,102.02966432474629,90.65176237266745
2016-05-01,100.9555879140881,96.72846237731734,94.67455621301775,96.78098676293622,90.21190716448034,96.27601314348303,102.02966432474629,90.9762913549085
2016-06-01,102.47542773935201,97.27371864776445,94.67455621301775,97.52306458082631,91.52371342078709,97.04271631982475,102.02966432474629,91.72451095285314
2016-07-01,102.02948671277758,97.38276990185386,95.85798816568047,94.81548335338948,91.42280524722503,96.71412924424972,100.39032006245121,91.66140809519517
2016-08-01,100.53694939934475,97.27371864776445,95.85798816568047,93.1307661452066,91.32189707366297,96.82365826944141,100.39032006245121,91.12052645812673
2016-09-01,102.00218420094649,97.16466739367502,95.85798816568047,93.29121540312876,91.72552976791121,96.71412924424972,100.39032006245121,91.67943748309744
2016-10-01,102.66654532216965,98.03707742639041,95.66074950690336,97.34255916566386,92.33097880928356,97.69989047097482,103.04449648711945,91.99495177138736
2016-11-01,105.93374590462324,98.80043620501635,95.66074950690336,99.70918572001605,92.83551967709384,97.37130339539979,103.04449648711945,91.94086360768051
2016-12-01,106.24317437204223,100.65430752453652,95.66074950690336,103.90092258323304,93.64278506559032,100.10952902519168,103.04449648711945,92.37356891733525
2017-01-01,109.44666909355662,101.30861504907307,97.92899408284022,106.20738066586442,94.34914228052472,100.65717415115007,103.90320062451211,93.00459749391507
2017-02-01,109.6286858390972,101.96292257360959,97.92899408284022,103.95106297633374,95.25731584258325,100.87623220153341,103.90320062451211,93.08572973947534
2017-03-01,109.564979978158,101.63576881134134,97.92899408284022,101.72482952266347,94.6518668012109,100.65717415115007,103.90320062451211,93.13080320923103
2017-04-01,107.00764470331269,101.52671755725189,98.71794871794872,102.15603690332932,94.34914228052472,100.32858707557502,99.14129586260734,92.73415667538087
2017-05-01,108.77320713505642,100.5452562704471,98.71794871794872,100.71199358202969,94.45005045408678,100.0,99.14129586260734,92.6530244298206
2017-06-01,107.91772843101566,99.56379498364231,98.71794871794872,99.49859606899318,94.24823410696268,98.79518072289157,99.14129586260734,92.58992157216261
2017-07-01,107.11685475063706,99.12758996728462,100.1972386587771,100.0,93.84460141271444,98.57612267250822,103.66900858704138,92.53583340845579
2017-08-01,103.4219148161631,99.12758996728462,100.1972386587771,101.56438026474129,93.54187689202827,98.90470974808323,103.66900858704138,93.53646443703236
2017-09-01,107.51729159082637,99.89094874591056,100.1972386587771,103.35940633774567,93.23915237134209,99.45235487404163,103.66900858704138,94.31172811683042
2017-10-01,107.97233345467782,100.43620501635769,105.4240631163708,103.9410348977136,93.94550958627649,100.0,108.58704137392662,95.35743261516271
2017-11-01,109.4739716053877,101.19956379498363,105.4240631163708,103.6903329322102,94.55095862764885,101.20481927710844,108.58704137392662,96.2048138465699
2017-12-01,111.40334910811795,101.30861504907307,105.4240631163708,102.96831127156038,94.95459132189707,101.97152245345016,108.58704137392662,96.60146038042008
2018-01-01,113.30542409901712,101.96292257360959,106.31163708086784,103.81066987565181,95.05549949545915,103.28587075575027,109.28961748633881,97.04318038402596
2018-02-01,113.27812158718602,101.41766630316249,106.31163708086784,104.28198957079825,94.85368314833502,101.8619934282585,109.28961748633881,97.31362120256017
2018-03-01,112.95049144521296,101.30861504907307,106.31163708086784,104.83353389490576,94.34914228052472,101.8619934282585,109.28961748633881,96.64653385017577
2018-04-01,111.8765926465235,101.96292257360959,107.00197238658777,105.98676293622142,94.85368314833502,104.16210295728368,109.13348946135832,97.44884161182726
2018-05-01,116.71823807790318,103.4896401308615,107.00197238658777,109.10549538708383,95.15640766902119,105.14786418400877,109.13348946135832,98.61173713152438
2018-06-01,113.95158354568619,103.92584514721919,107.00197238658777,110.47934215804251,95.96367305751767,105.58598028477549,109.13348946135832,98.8641485621563
2018-07-01,118.1197670185657,103.92584514721919,107.19921104536489,111.97352587244285,95.76185671039356,105.69550930996714,110.46057767369244,98.90922203191201
2018-08-01,116.49071714597743,103.92584514721919,107.19921104536489,111.65262735659849,96.46821392532794,106.02409638554218,110.46057767369244,98.89119264400973
2018-09-01,121.05933745904625,104.25299890948745,107.19921104536489,113.51784997994385,96.56912209889002,108.2146768893757,110.46057767369244,98.87316325610746
2018-10-01,120.40407717510013,105.23446019629226,100.49309664694279,115.51343762535097,97.37638748738648,108.43373493975903,110.92896174863387,99.35995672946902
2018-11-01,119.9945394976338,104.25299890948745,100.49309664694279,109.82751704773366,96.87184661957619,104.81927710843375,110.92896174863387,99.00838366537455
2018-12-01,117.88314524936294,102.9443838604144,100.49309664694279,105.75611712795828,95.96367305751767,103.06681270536693,110.92896174863387,97.4578563057784
2019-01-01,119.70331270476883,102.72628135223556,103.2544378698225,105.58563979141597,95.35822401614531,103.28587075575027,114.98829039812648,96.09663751915622
2019-02-01,118.61121223152531,103.05343511450383,103.2544378698225,107.93221018852788,95.15640766902119,103.83351588170866,114.98829039812648,96.61047507437121
2019-03-01,120.27666545322168,103.05343511450383,103.2544378698225,109.74729241877257,95.76185671039356,104.38116100766703,114.98829039812648,97.08825385378165
2019-04-01,124.381143065162,103.38058887677208,103.94477317554241,111.68271159245889,95.8627648839556,105.80503833515881,115.06635441061673,97.03416569007481
2019-05-01,116.80014561339644,103.27153762268266,103.94477317554241,114.0593662254312,95.35822401614531,105.14786418400877,115.06635441061673,97.05219507797709
2019-06-01,118.00145613396434,101.85387131952017,103.94477317554241,109.82751704773366,94.95459132189707,103.28587075575027,115.06635441061673,96.06057874335166
2019-07-01,121.44157262468147,101.63576881134134,101.1834319526627,110.69995988768552,94.34914228052472,102.62869660460024,114.51990632318501,95.92535833408455
2019-08-01,116.70913724062615,101.09051254089422,101.1834319526627,111.48215002005617,94.24823410696268,101.75246440306682,114.51990632318501,95.48363833047867
2019-09-01,117.82854022570078,101.63576881134134,101.1834319526627,111.20136381869234,94.04641775983855,102.51916757940853,114.51990632318501,94.89768322365455
2019-10-01,118.16527120495086,101.52671755725189,101.4792899408284,108.60409145607701,94.14732593340061,101.53340635268347,119.98438719750195,94.6633011809249
2019-11-01,121.31416090280307,102.07197382769901,101.4792899408284,107.57119935820296,93.84460141271444,102.95728368017525,119.98438719750195,94.22158117731902
2019-12-01,118.81143065161996,102.29007633587786,101.4792899408284,109.29602888086643,93.84460141271444,103.72398685651699,119.98438719750195,94.38384566843955
